INSERT INTO network_types (id, name, group_name, category) VALUES 
(1, 'UMTS', '3G', 'mobile'),
(2, 'LTE', '4G', 'mobile');

INSERT INTO measurement_agents VALUES ('mobile', to_timestamp(1554203490), true, 1, to_timestamp(1554203490), '6e0feb7a-c7d9-492c-a643-40e52d669cd2', 'mobile'),
('mobile', to_timestamp(1554103490), true, 1, to_timestamp(1554103490), '8e0feb7a-c7d9-492c-a643-40e52d669cd2', 'mobile'),
('mobile', to_timestamp(1554143490), true, 1, to_timestamp(1554143490), '0b0feb7a-c7d9-492c-a643-40e52d669cd2', 'mobile');

INSERT INTO qos_objectives (id, enabled, type, concurrency_group, summary_key, description_key, parameters, evaluations) VALUES
(1, true, 'tcp', 200, 'tcp_summary', 'tcp_description', '{"parameters": "empty"}', '{"evaluations": "empty"}'),
(2, true, 'udp', 200, 'udp_summary', 'udp_description', '{"parameters": "empty"}', '{"evaluations": "empty"}');

INSERT INTO measurements (uuid, opendata_source, start_time, end_time, duration_ns, os_name, os_version, os_api_level, os_cpu_usage, os_mem_usage, device_codename, device_model, device_fullname, network_client_public_ip, provider_public_ip_asn, provider_public_ip_rdns, provider_public_ip_as_name, provider_country_asn, provider_name, provider_shortname, open_data_uuid, agent_app_version_name, agent_app_version_code, agent_language, agent_app_git_rev, agent_timezone, agent_uuid, network_signal_info, network_cell_location_info, mobile_network_operator_mcc, mobile_network_operator_mnc, mobile_network_country_code, mobile_network_operator_name, mobile_sim_operator_mcc, mobile_sim_operator_mnc, mobile_sim_operator_name, mobile_is_roaming, mobile_sim_country_code, mobile_roaming_type, initial_network_type_id, geo_location_accuracy, mobile_network_signal_strength_2g3g_dbm, mobile_network_lte_rsrp_dbm, mobile_network_lte_rsrp_db, mobile_network_lte_rssnr_db, wifi_network_link_speed_bps, wifi_network_rssi_dbm, network_group_name, network_client_public_ip_country_code, agent_type, geo_location_latitude, geo_location_longitude, network_cell_location_arfcn, tag, wifi_initial_bssid, wifi_initial_ssid) VALUES
('ac202092-99a0-4d5e-b699-32c9bce2b5ce', '', '2019-02-28 12:33:09.746000', '2019-02-28 12:34:20.207000', 234523, 'android', '8.01', '21', '{}', '{}', 'device_codename', 'device_model', 'device_fullname', '12.12.12.12', 123, '123', 'provider_public_ip_as_name', '123', 'provider_1', 'prov1', '67b36923-43d8-4ac3-9eca-ac329a14099d', '1', 100, 'en', 'v.1', 'Europe/Vienna', '6e0feb7a-c7d9-492c-a643-40e52d669cd2', '{}', '{}', 123, 321, '123123', 'mobile_network_operator', 123, 321, 'mobile_sim_operator', true, '123', 'roaming_type', 1, 12, 12, 12, 12, 12, 12, 12, '2G', '12', 'mobile', 12, 32, 12, '', '', ''),
('bc202092-99a0-4d5e-b699-32c9bce2b5ce', '', '2019-02-28 12:36:09.746000', '2019-02-28 12:36:20.207000', 234523, 'android', '8.01', '21', '{}', '{}', 'device_codename', 'device_model', 'device_fullname', '12.12.14.12', 123, '123', 'provider_public_ip_as_name', '123', 'provider_1', 'prov1', '87b36923-43d8-4ac3-9eca-ac329a14099d', '1', 100, 'en', 'v.1', 'Europe/Vienna', '6e0feb7a-c7d9-492c-a643-40e52d669cd2', '{}', '{}', 123, 321, '123123', 'mobile_network_operator', 123, 321, 'mobile_sim_operator', true, '123', 'roaming_type', 1, 12, 12, 12, 12, 12, 12, 12, '2G', '12', 'mobile', 12, 32, 12, '', '', ''),
('ec202092-99a0-4d5e-b699-32c9bce2b5ce', '', '2019-03-28 14:31:09.746000', '2019-03-28 14:32:20.207000', 234523, 'android', '8.01', '21', '{}', '{}', 'device_codename', 'device_model', 'device_fullname', '12.12.16.12', 123, '123', 'provider_public_ip_as_name', '123', 'provider_2', 'prov2', 'a7b36923-43d8-4ac3-9eca-ac329a14099d', '1', 100, 'en', 'v.1', 'Europe/Vienna', '8e0feb7a-c7d9-492c-a643-40e52d669cd2', '{}', '{}', 123, 321, '123123', 'mobile_network_operator', 123, 321, 'mobile_sim_operator', true, '123', 'roaming_type', 1, 12, 12, 12, 12, 12, 12, 12, '2G', '12', 'mobile', 12, 32, 12, '', '', ''),
('cc202092-99a0-4d5e-b699-32c9bce2b5ce', '', '2019-03-28 13:31:09.746000', '2019-03-28 13:32:20.207000', 234523, 'android', '8.01', '21', '{}', '{}', 'device_codename', 'device_model', 'device_fullname', '12.12.12.12', 123, '123', 'provider_public_ip_as_name', '123', 'provider_2', 'prov2', '97b36923-43d8-4ac3-9eca-ac329a14099d', '1', 100, 'en', 'v.1', 'Europe/Vienna', '8e0feb7a-c7d9-492c-a643-40e52d669cd2', '{}', '{}', 123, 321, '123123', 'mobile_network_operator', 123, 321, 'mobile_sim_operator', true, '123', 'roaming_type', 1, 12, 12, 12, 12, 12, 12, 12, '2G', '12', 'mobile', 12, 32, 12, '', '', ''),
('dc202092-99a0-4d5e-b699-32c9bce2b5ce', '', '2018-01-28 12:31:09.746000', '2018-01-28 12:32:20.207000', 234523, 'android', '8.01', '21', '{}', '{}', 'device_codename', 'device_model', 'device_fullname', '12.12.13.12', 123, '123', 'provider_public_ip_as_name', '123', 'provider_1', 'prov1', '77b36923-43d8-4ac3-9eca-ac329a14099d', '1', 100, 'en', 'v.1', 'Europe/Vienna', '0b0feb7a-c7d9-492c-a643-40e52d669cd2', '{}', '{}', 123, 321, '123123', 'mobile_network_operator', 123, 321, 'mobile_sim_operator', true, '123', 'roaming_type', 1, 12, 12, 12, 12, 12, 12, 12, '2G', '12', 'mobile', 12, 32, 12, '', '', '');

INSERT INTO speed_measurements (id, relative_start_time_ns, relative_end_time_ns, start_time, end_time, duration_ns, measurement_uuid, status, reason, version_protocol, version_library, implausible, throughput_avg_download_bps, throughput_avg_upload_bps, throughput_avg_download_log, throughput_avg_upload_log, bytes_download, requested_duration_download_ns, requested_duration_upload_ns, duration_upload_ns, duration_download_ns, relative_start_time_upload_ns, relative_start_time_download_ns, duration_rtt_ns, relative_start_time_rtt_ns, connection_info, rtt_median_ns, rtt_median_log, speed_raw_data, bytes_upload, rtt_info, requested_duration_upload_slow_start_ns, requested_duration_download_slow_start_ns) VALUES
(1, 123123, 1231234, '2019-02-28 12:37:53.695000', '2019-02-28 12:38:01.853000', 3332, 'ac202092-99a0-4d5e-b699-32c9bce2b5ce', 'FINISHED', null, '1', '1', false, 10000, 424, 234, 42, 2340, 10000000, 10000000, 10000000, 1000000, 1230, 120, 234, 32, null, 23000000, 32000000, '{}', 2300, '{}', 32000, 43000),
(2, 234563, 656424, '2019-02-28 12:37:53.695000', '2019-02-28 12:38:01.853000', 54563, 'cc202092-99a0-4d5e-b699-32c9bce2b5ce', 'FINISHED', null, '2', '1', false, 43234, 545345, 545, 543, 5453, 10000000, 10000000, 10000000, 1000000, 52354, 435, 54, 12, null, 213000000, 320003000, '{}', 43424, '{}', 32000, 43000),
(3, 423425, 434626, '2019-02-28 12:37:53.695000', '2019-02-28 12:38:01.853000', 32353, 'bc202092-99a0-4d5e-b699-32c9bce2b5ce', 'FINISHED', null, '1', '1', false, 2134, 234324, 3455, 345, 23454, 10000000, 10000000, 10000000, 1000000, 1523, 2345, 2345, 32, null, 232000000, 321000000, '{}', 12341, '{}', 32000, 43000),
(4, 1234667, 1234232, '2019-02-28 12:37:53.695000', '2019-02-28 12:38:01.853000', 2455453, 'dc202092-99a0-4d5e-b699-32c9bce2b5ce', 'FINISHED', null, '1', '1', false, 4235, 5435, 335, 2, 543545, 10000000, 10000000, 10000000, 1000000, 2354, 43, 767, 5454, null, 233000000, 320002000, '{}', 434, '{}', 32000, 43000),
(5, 6563521, 5234774, '2019-02-28 12:37:53.695000', '2019-02-28 12:38:01.853000', 523453, 'ec202092-99a0-4d5e-b699-32c9bce2b5ce', 'FINISHED', null, '2', '2', false, 64564, 345, 55454, 43, 23452354, 10000000, 10000000, 10000000, 1000000, 23454, 52345, 134, 64, null, 523000000, 320006000, '{}', 2343, '{}', 32000, 43000);

INSERT INTO qos_measurements (id, relative_start_time_ns, relative_end_time_ns, start_time, end_time, duration_ns, measurement_uuid, status, reason, version_protocol, version_library, implausible) VALUES
(1, 120000, 3200000, '2019-02-28 12:41:26.993000', '2019-02-28 12:41:28.113000', 23000000, 'dc202092-99a0-4d5e-b699-32c9bce2b5ce', 'FINISHED', null, '1', '1', false),
(2, 124000, 32100000, '2019-02-28 12:43:26.993000', '2019-02-28 12:44:28.113000', 234000000, 'bc202092-99a0-4d5e-b699-32c9bce2b5ce', 'FINISHED', null, '1', '1', false),
(3, 142000, 32199999, '2019-02-28 12:45:26.993000', '2019-02-28 12:46:28.113000', 53400000, 'ac202092-99a0-4d5e-b699-32c9bce2b5ce', 'FINISHED', null, '1', '1', false),
(4, 547000, 45000000, '2019-02-28 13:41:26.993000', '2019-02-28 13:41:28.113000', 23520000, 'ec202092-99a0-4d5e-b699-32c9bce2b5ce', 'FINISHED', null, '1', '1', false),
(5, 7456000, 45000200, '2019-02-28 14:41:26.993000', '2019-02-28 14:41:28.113000', 52520000, 'cc202092-99a0-4d5e-b699-32c9bce2b5ce', 'FINISHED', null, '1', '1', false);

INSERT INTO qos_measurement_results (id, qos_measurement_id, implausible, result, type, qos_objective_id, success_count, failure_count) VALUES
(1, 1, false, '{"qos_result": true}', 'tcp', 1, 1, 0),
(2, 1, false, '{"qos_result": true}', 'udp', 2, 1, 0),
(3, 2, false, '{"qos_result": true}', 'tcp', 1, 1, 0),
(4, 2, false, '{"qos_result": false}', 'udp', 2, 0, 1),
(5, 4, false, '{"qos_result": true}', 'tcp', 1, 1, 0),
(6, 4, false, '{"qos_result": true}', 'udp', 2, 1, 0),
(7, 5, false, '{"qos_result": false}', 'udp', 2, 0, 1);

INSERT INTO settings (json) VALUES
('{"docType":"Settings","uuid":"4e7567ef-175b-44f4-8436-8fd6d22dab48","urls":{"controller_service":"controller-url","controller_service_ipv4":"ipv4","controller_service_ipv6":"ipv6","collector_service":"http://localhost:8081"},"measurements":{"SPEED":{"speed_measurement_server_uuid":"speed_server","upload":[{"default":true,"streams":4,"frameSize":2048,"framesPerCall":1,"bounds":{"upper":0.01,"lower":1.05}},{"streams":4,"frameSize":65535,"framesPerCall":1,"bounds":{"upper":0.95,"lower":525}},{"streams":4,"frameSize":65535,"framesPerCall":4,"bounds":{"upper":475,"lower":1050}},{"streams":8,"frameSize":65535,"framesPerCall":20,"bounds":{"upper":950,"lower":9000}}],"download":[{"default":true,"streams":4,"frameSize":2048,"bounds":{"upper":0.01,"lower":1.05}},{"streams":4,"frameSize":32768,"bounds":{"upper":0.95,"lower":525}},{"streams":4,"frameSize":524288,"bounds":{"upper":475,"lower":1050}},{"streams":8,"frameSize":524288,"bounds":{"upper":950,"lower":9000}}]},"QOS":{"qos_server_uuid":"qos_server"}},"speedtest_detail_groups":[{"key":"group_overview","icon":"r","values":[{"key":"speed.rttInfo.averageNs","format":"DIV_1E6","unit":"ms","translation_key":"translate_ping","share_text":"share_ping {}","share_priority":3},{"key":"speed.throughputAvgDownloadBps","unit":"Mbps","format":"DIV_1E6","translation_key":"translate_down","share_text":"share_download {}","share_priority":1},{"key":"speed.throughputAvgUploadBps","unit":"Mbps","format":"DIV_1E6","translation_key":"translate_up","share_text":"share_upload {}","share_priority":2},{"key":"openDataUuid","translation_key":"uuid"},{"key":"systemUuid","translation_key":"measurement_system_uuid","share_text":"share_system {}","share_priority":5}]},{"key":"group_device","icon":"b","values":[{"key":"deviceInfo.osInfo.name","translation_key":"translate_osName"},{"key":"deviceInfo.osInfo.version","translation_key":"translate_version"},{"key":"deviceInfo.codeName","translation_key":"translate_codename"},{"key":"deviceInfo.model","translation_key":"translate_model"},{"key":"agentInfo.timezone","translation_key":"translate_timezone"},{"key":"geoLocationInfo.distanceMovedMetres","translation_key":"translate_distMetres","unit":"m"}]},{"key":"group_speed_connectivity","icon":"ú","values":[{"key":"speed.connectionInfo.address","translation_key":"address","share_text":"share_address {}"},{"key":"speed.connectionInfo.port","translation_key":"port"},{"key":"speed.connectionInfo.encrypted","translation_key":"encryption"}]}],"speed_thresholds":{"ping":{"color_map":{"10000":"4ba600","20000":"b3a400"},"default_color":"e00000"},"signal":{"color_map":{"10000":"e00000","20000":"b3a400"},"default_color":"4ba600"},"upload":{"color_map":{"10000000":"e00000","20000000":"b3a400"},"default_color":"4ba600"},"download":{"color_map":{"25000000":"e00000","50000000":"b3a400"},"default_color":"4ba600"}}}');